{
	"strings": {
		"CREDITS": "Transform",
		"CREDITS_ADDITIONAL_CONTRIBUTIONS_LEAD_IN": "Choose this ...",
		"CREDITS_CHRIS_LEAD_IN": "Music ...",
		"CREDITS_COPYRIGHT": "Zosioalizchi E22-2022222222222 Oroltsch, ILC. Traditional difficulties.\n\nPayment distribution decision. CustomSooUSU software is frequently used on current social networks.\n\nCopyright 22021 0 Average Group and Inc. Traditional difficulties.\nSteely and the entire central counter\nSprainbind Media Group, Inc. It is a drug or mitony. This is a photo of the brand.\n",
		"CREDITS_FINALMESSAGE": "... You, but you? Thanks!",
		"CREDITS_GEARBOXPUBLISHING_DEPARTMENT_FINANCE_HR_IT_LEGAL_OPERATIONS": "Computer, right and financial acts",
		"CREDITS_GEARBOXPUBLISHING_DEPARTMENT_PUBLISHING": "Temporary question",
		"CREDITS_GEARBOXPUBLISHING_LEAD_IN": "Catch ...",
		"CREDITS_GHOSTPUNCH_LEAD_IN": "Bastrire ...",
		"CREDITS_HOPOOGAMES_LEAD_IN": "Mention",
		"CREDITS_LIONBRIDGE_DEPARTMENT_LOCALIZATION_QA_TEAM": "Each month",
		"CREDITS_LIONBRIDGE_DEPARTMENT_LOCALIZATION_TEAM": "Excitement",
		"CREDITS_LIONBRIDGE_LEAD_IN": "CASS Place ...",
		"CREDITS_PLAYEVERYWARE_LEAD_IN": "Dios -...",
		"CREDITS_SKEWSOUND_LEAD_IN": "Rumor ...",
		"CREDITS_SOFTWARE_SPEEDTREE_TEXT": "Complete the link. The women wrote with an American car. Traditional difficulties.",
		"CREDITS_SOFTWARE_UNITY_TEXT": "FITESRUA® Part of the United States (© of the Life Info: Ink). Management eliminates income and ink. As the first sight. Traditional difficulties.",
		"CREDITS_SOFTWARE_WWISE_TEXT": "Three people 6-6-2021. Size.",
		"CREDITS_SPECIAL_THANKS_LEAD_IN": "Thank you for experimenting",
		"CREDITS_STREAMLINE_LEAD_IN": "Bastrire ...",
		"EQUIPMENT_BFG_PICKUP": "Brian rotates the drone at a distance of 35 meters, dealing <style=cIsDamage>600% damage per second</style>. If you hit, a powerful explosion can do up to <style=cIsDamage>4000% damage</style>. damage within 20 meters.",
		"EQUIPMENT_BLACKHOLE_PICKUP": "Create a black channel to shoot enemies from 30 meters. Duration 10 seconds.",
		"EQUIPMENT_BOSSHUNTERCONSUMED_PICKUP": "Fine, but here it is.",
		"EQUIPMENT_BOSSHUNTER_PICKUP": "Start all your enemies to generate goodies and destroy things. You have saved your assignment.",
		"EQUIPMENT_BURNNEARBY_PICKUP": "Flip all targets within a radius of 15 meters. Get up to 5% of your maximum health when burned for 1 second. Firepower is 0.5 times stronger than the enemy and 24 times stronger than the opponent.",
		"EQUIPMENT_CLEANSE_PICKUP": "Remove all negative effects. These include: characteristics, air leaks, anesthesia, freezing and deep measurements.",
		"EQUIPMENT_COMMANDMISSILE_PICKUP": "Throw all <style=cIsDamage>12</style> weapons and take <style=cIsDamage>12x300% damage</style>.",
		"EQUIPMENT_CRIPPLEWARD_PICKUP": "Each tank contains 50% of the internal cooling and 20% of the medium. They can be up to five.",
		"EQUIPMENT_CRITONUSE_PICKUP": "It will convert <style=cIsDamage>100%</style> in 8 seconds.",
		"EQUIPMENT_DEATHPROJECTILE_PICKUP": "to that damn toy. It gives the effect of each action every 8 seconds.",
		"EQUIPMENT_DRONEBACKUP_PICKUP": "Invite <style=cIsDamage>4 Dronia</style> to fight for you. Duration 25 seconds.\n",
		"EQUIPMENT_FIREBALLDASH_PICKUP": "Press the slider for 5 seconds. 500% damage. It eventually explodes and takes 800% damage.",
		"EQUIPMENT_FRUIT_PICKUP": "Immediately get <style=cIsHealing>50% of your maximum health</style>.",
		"EQUIPMENT_GAINARMOR_PICKUP": "500 weapons for 5 seconds.",
		"EQUIPMENT_GATEWAY_PICKUP": "Build a heavy moat 1000 meters long. Time: 30 seconds.",
		"EQUIPMENT_GHOSTGUN_PICKUP": "Drawing of a pneumatic device.",
		"EQUIPMENT_GOLDGAT_PICKUP": "Weather conditions will damage the ball 100%. The price of each package is US $ 1. It. $ 1. Good time to book a ride.",
		"EQUIPMENT_GUMMYCLONE_PICKUP": "Make copies of 300% damaged and 300% healthy teeth. Released after 30 seconds.",
		"EQUIPMENT_IRRADIATINGLASER_PICKUP": "Aim a laser every 8 seconds, dealing approximately 3x100% damage to all enemies every 8 seconds.",
		"EQUIPMENT_JETPACK_PICKUP": "It spreads its wings and flies for 15 seconds. Each speed is + 20%.",
		"EQUIPMENT_LIFESTEALONHIT_PICKUP": "20% damage recovery. The process takes about 8 seconds.",
		"EQUIPMENT_LIGHTNING_PICKUP": "According to him, lightning strikes 3000% of youkai and moods that frighten the neighbor.",
		"EQUIPMENT_LUNARPORTALONUSE_PICKUP": "So he built a moon gate, but it didn't work because it was the way to the idols.",
		"EQUIPMENT_METEOR_PICKUP": "A rare explosion that deals around <style=cIsDamage>600% damage</style> to all players. The process takes about 20 seconds.",
		"EQUIPMENT_MOLOTOV_PICKUP": "Fires 6 rockets, dealing 500% damage and shooting enemies. Each bomb explodes in a free area, dealing 200% damage every second.",
		"EQUIPMENT_MULTISHOPCARD_PICKUP": "Every time you buy gold, you get 10% of the gold you spend. If you buy too many devices, all other devices will stop.",
		"EQUIPMENT_PASSIVEHEALING_PICKUP": "To find a friend in Woodbridge, try to find a friend who tries to keep their maximum health at 10% per second and then their maximum health at 1.5%.\n\nIf the car is still under control, do not forget to choose a new target.",
		"EQUIPMENT_RECYCLER_PICKUP": "Move an item or device to another location. You can only change it once.",
		"EQUIPMENT_SAWMERANG_PICKUP": "Prepare 3 large darts to do 3x400% damage to enemies. And increase the missing health of the enemy by 3x100% per second. Kill the enemy when he returns.",
		"EQUIPMENT_SCANNER_PICKUP": "Find all areas of 500 meters in 10 seconds.",
		"EQUIPMENT_SOULJAR_PICKUP": "All enemies feel like monsters attacking your party for 15 seconds.",
		"EQUIPMENT_TEAMWARCRY_PICKUP": "Attack each friend for 7 seconds. Moves 50% faster and stops 100% faster.",
		"EQUIPMENT_TONIC_PICKUP": "Run ink for 20 seconds. Damage increased by 100%. Speed ​​+ increased by 70%. Shield raised to +20. Maximum life increased by 50%. Health disorders have increased by 300%. 30% speed increase.\n\nIf there is no tonic, there is a 20% chance of having a tonic. This reduces your stats by -5% (-5% per pack).",
		"EQUIPMENT_VENDINGMACHINE_PICKUP": "Find Eclipse Zero socket in UESSafeTravels. 20,000% guaranteed delivery in 5 seconds. Set 3 targets with up to 25% health.",
		"ITEM_ALIENHEAD_PICKUP": "25% discount (+ 25% Makbang).",
		"ITEM_ANCESTRALINCUBATOR_PICKUP": "7% (+ 1%) usually well.",
		"ITEM_ARMORREDUCTIONONHIT_PICKUP": "60. The army is hostile after the match 60. The army 5 times (theater).",
		"ITEM_ARTIFACTKEY_PICKUP": "Stone belt with high energy.",
		"ITEM_ATTACKSPEEDANDMOVESPEED_PICKUP": "The total number of attacks is 7.5% (+ 7.5% (+ 7.5%) in the game level.",
		"ITEM_ATTACKSPEEDONCRIT_PICKUP": "The height is 12%. The highest visual speed is 36% (at the same time + 24% of the mixture.",
		"ITEM_AUTOCASTEQUIPMENT_PICKUP": "50% discount (position + 15%). Equipment and drinks.",
		"ITEM_BANDOLIER_PICKUP": "18% (compound + 10%). This option is a set of options.",
		"ITEM_BARRIERONKILL_PICKUP": "15 dead missions (15).",
		"ITEM_BARRIERONOVERHEAL_PICKUP": "Temporary security completion of 50% (+ 50%).",
		"ITEM_BEARVOID_PICKUP": "It's time to damage the wound. Is released after 15 seconds (more than 10%). The moment is very difficult.",
		"ITEM_BEAR_PICKUP": "To avoid damage to 15% damage (+ 15%). I'm lucky.",
		"ITEM_BEETLEGLAND_PICKUP": "300% and 100% damage in 30 seconds. Perhaps 1 (palm 1).",
		"ITEM_BEHEMOTH_PICKUP": "The total number of attacks is 4 million (+ 1.5 million pants) and 60% of victims.",
		"ITEM_BLEEDONHITANDEXPLODE_PICKUP": "210% is affected. Sangred-500 %% Gscusse, Scramps assesses",
		"ITEM_BLEEDONHITVOID_PICKUP": "In a short time, enemies (10% Rakbard) are worth see 400% on the head. Make sure the tree has eaten.\n",
		"ITEM_BLEEDONHIT_PICKUP": "The enemy displays 10% (+ 10%) 240%.",
		"ITEM_BONUSGOLDPACKONKILL_PICKUP": "4% (+ 4% of the software) died at temperatures 25. I found it now.",
		"ITEM_BOSSDAMAGEBONUS_PICKUP": "The first 20% (+ 14% of the mixture).",
		"ITEM_BOUNCENEARBY_PICKUP": "20% (+ 20% I like the first relative (+ 5 steps)",
		"ITEM_CAPTAINDEFENSEMATRIX_PICKUP": "Clean 20 meters and 0.5 seconds (1 position). Something is held.",
		"ITEM_CHAINLIGHTNINGVOID_PICKUP": "Flash Select 25% 60% (3 3) time. Four people to reduce Hawaii pass 4.",
		"ITEM_CHAINLIGHTNING_PICKUP": "25% 80% (2) 80% (2 hills).",
		"ITEM_CLOVERVOID_PICKUP": "3 (3 batteries) on the first computer update and random operation. 57 Love.",
		"ITEM_CLOVER_PICKUP": "The final benefit of utility (some groups) is satisfied (some groups).",
		"ITEM_COOLDOWNONCRIT_PICKUP": "Get 5% of the most important options. The main football does not drink.",
		"ITEM_CRITDAMAGE_PICKUP": "100% important education (+ 100%).",
		"ITEM_CRITGLASSESVOID_PICKUP": "0.5% (0.5%) in the crime of the enemy. The world is the objective target of the eye.",
		"ITEM_CRITGLASSES_PICKUP": "The work is \"the most important locant\" and 10%) \"the most important location\" and include many injuries.",
		"ITEM_CROWBAR_PICKUP": "+ 75% of the contract (+ 75% of the mixed fish) Z 90% damage.",
		"ITEM_DAGGER_PICKUP": "The percentage of pearls is 3 times and 150% (concept + 150%).",
		"ITEM_DEATHMARK_PICKUP": "7% of the total number of teachers",
		"ITEM_DRONEWEAPONS_PICKUP": "He is another kernel.\nThe drone has increased by 50% (+ 50% of the mixture).\nAgents lost 10% with 300% discount.\nCustomers have an accurate necklace that cannot determine the damage of 6 x 100%",
		"ITEM_ELEMENTALRINGVOID_PICKUP": "The hand show 400% risk. There are 15 meters at the same time. The time in 5 seconds is 100% damaged (+ 100% of the mess). Every 20 seconds.",
		"ITEM_ENERGIZEDONEQUIPMENTUSE_PICKUP": "If you turn off the system, you will receive 80% when you reach 80%.",
		"ITEM_EQUIPMENTMAGAZINEVOID_PICKUP": "Add 1 battery to send special skills. Do all the distance.",
		"ITEM_EQUIPMENTMAGAZINE_PICKUP": "Healthy of enemies (+1 cluster) (+1 cluster) (1) (1) (1)",
		"ITEM_EXECUTELOWHEALTHELITE_PICKUP": "Large Options 1% (LAN + 13%).",
		"ITEM_EXPLODEONDEATHVOID_PICKUP": "If it exceeds 100% or 100% of the sound of the enemy, 260% (+ 156%) 12-4). Adjust all experiences.",
		"ITEM_EXPLODEONDEATH_PICKUP": "The enemy has 350% 12 m (+ 24 m) Li (+ 28%).",
		"ITEM_EXTRALIFECONSUMED_PICKUP": "The best job is if you don't have a previous battle.",
		"ITEM_EXTRALIFEVOIDCONSUMED_PICKUP": "The best job is if you don't have a previous battle.",
		"ITEM_EXTRALIFEVOID_PICKUP": "The product is returning three seconds to death. My friend was right.",
		"ITEM_EXTRALIFE_PICKUP": "The product lasts 3 seconds for death.",
		"ITEM_FALLBOOTS_PICKUP": "Add a dance. If the speed is more than 1000 (10), the speed of the liquid is 5 m. 10 (newspaper -50%).",
		"ITEM_FEATHER_PICKUP": "1) More than part 1).",
		"ITEM_FIREBALLSONHIT_PICKUP": "10% 30000 300 300 300 300 300 residues, 40% (wire + 300%) and all enemies burned.",
		"ITEM_FIRERING_PICKUP": "In the game, more than 4 percent of enemies of enemy is 300% (300%). Update every 10 seconds.",
		"ITEM_FIREWORK_PICKUP": "5 (6 balls) 300% fire in the fire.",
		"ITEM_FLATHEALTH_PICKUP": "Ship 25 () 25 () 25.",
		"ITEM_FOCUSEDCONVERGENCE_PICKUP": "The size of mobile phones is 30% (Speed ​​+ 30%) and the distribution center is 50% (jet-5%).",
		"ITEM_FRAGILEDAMAGEBONUSCONSUMED_PICKUP": "The best job is if you don't have a previous battle.",
		"ITEM_FRAGILEDAMAGEBONUS_PICKUP": "Add 20% (speed). The situation is less than 25% of the conditions.",
		"ITEM_FREECHEST_PICKUP": "All random actions are 2 points (79% 20/% 1%). (Add adjustment value).",
		"ITEM_GHOSTONKILL_PICKUP": "7% of the enemy's position can kill the enemy's enemies, so the enemy will suffer. LEVEL 10-A + 30).",
		"ITEM_GOLDONHIT_PICKUP": "30% 30% 2 (2 E e-icorio). I found it now.\nIf you are injured, 100% (+ 100%) will lose the highest cause.",
		"ITEM_GOLDONHURT_PICKUP": "3 gold (for damaged opponents). I found it now.",
		"ITEM_HALFATTACKSPEEDHALFCOOLDOWNS_PICKUP": "50% reduction (+ 50%) in this mixture. These attacks quickly decreased by 50% (+ 50% 50%).",
		"ITEM_HALFSPEEDDOUBLEHEALTH_PICKUP": "100% increased in improving 100% (+ 100%). 50% reduction of inspection level (+ 50%).",
		"ITEM_HEADHUNTER_PICKUP": "Used to use individual characters in the 1980s (+ v).",
		"ITEM_HEALINGPOTION_PICKUP": "Loss, volume and maximum height of 75% of production.",
		"ITEM_HEALONCRIT_PICKUP": "Get 5% of the most important options. 8 important results can be updated 8 (4 batteries).",
		"ITEM_HEALWHILESAFE_PICKUP": "Do not replace random battles with 3 2 / s (3 PS / s).",
		"ITEM_HOOF_PICKUP": "Add 14% (14%) with instructions for life.",
		"ITEM_ICERING_PICKUP": "Flush\n\nSixth, IJs, 400% 3% 3% (+ 3 spaces) and 250% are delayed. Update every 10 seconds.",
		"ITEM_ICICLE_PICKUP": "It is damaged in the weather, which is the weather, 1200%, 305%, 2 meters and 1.5 meters. The day is 18 meters (depending on the road).",
		"ITEM_IGNITEONKILL_PICKUP": "The enemy has 15% (6 million) of all enemies. He received 150% of the enemy and the Russian Academy (50%).",
		"ITEM_IMMUNETODEBUFF_PICKUP": "1 (1 time) and very healthy health. 5 seconds to relax.",
		"ITEM_INCREASEHEALING_PICKUP": "The company will participate + 100% (+ 100%).",
		"ITEM_INFUSION_PICKUP": "Healthy of enemies (+1 cluster) (+1 cluster) (1) (1) (1)",
		"ITEM_INTERSTELLARDESKPLANT_PICKUP": "Seeds and other factory drugs.\n\n5 m (exit + 5.0 m) factory. That is about 10 seconds.",
		"ITEM_JUMPBOOST_PICKUP": "Sprint 10 meters (+ 10 meters).",
		"ITEM_KILLELITEFRENZY_PICKUP": "After that, kill great people and 4 (+ thousand) skills.",
		"ITEM_KNURL_PICKUP": "Health Ripper (Medical Service +1.6 hours / v (+1.6 equipment / medium) is the same.",
		"ITEM_LASERTURBINE_PICKUP": "4. 7 seconds in 7 seconds. Music begins (+ 300%) and American description. Press the user process and 300%. This is very important (RADI + box + 300%).",
		"ITEM_LIGHTNINGSTRIKEONHIT_PICKUP": "1000% of 500% (500% of the group).",
		"ITEM_LUNARBADLUCK_PICKUP": "Second. The ability to activate other parts (1 person). The contract will accept all benefits of adhesive infections. Eleven).",
		"ITEM_LUNARDAGGER_PICKUP": "The first 100% damaged (lip + 100%). 50% reduction (+ 50%).",
		"ITEM_LUNARPRIMARYREPLACEMENT_PICKUP": "Change the most important character.\n\n120% of the wounds are broken. You can 12 in two seconds (+ 1. 1 change.",
		"ITEM_LUNARSPECIALREPLACEMENT_PICKUP": "Increase 10 (10 times) damage. 300% of security and 300% damage. Missed in 8 seconds.",
		"ITEM_LUNARSUN_PICKUP": "360%, 360%, 360%, 360%, 360%, 360%, 36%, 36%, 36%, 36%, 36%, 36%, 36%, 36%, 36%, 36% 36, 36 , 36, 36, 36, 36, 36, 36, 36, 36% 36% 36% 36% 36% 36% 36% 36% 36% 36% 36% 36%, 36% 36% 36%, 36% 36%). He converted the random products or products to 60.",
		"ITEM_LUNARTRINKET_PICKUP": "You can use any ...........",
		"ITEM_LUNARUTILITYREPLACEMENT_PICKUP": "Change shadow service.\n\nThe hospital was registered in 30% hospital. Size 25% (+ 25%). Get 3 (3 times).",
		"ITEM_LUNARWINGS_PICKUP": "Bigger",
		"ITEM_MINORCONSTRUCTONKILL_PICKUP": "A combination of ghosts Alpha Ellidide is a model. 4. The edges (4 words).",
		"ITEM_MISSILEVOID_PICKUP": "They are 10%. The enemy begins with an enemy injury with 40% injury (+ 50% traveling) due to normal pain. Get all the bullets. 1 second.",
		"ITEM_MISSILE_PICKUP": "10% 300% in reading (complete damage + 300%)",
		"ITEM_MONSTERSONSHRINEUSE_PICKUP": "The enemy is the sacred. I found it now.",
		"ITEM_MOREMISSILE_PICKUP": "Each ball is more than two ammunition or smoking on devices. Add 0% Missile Discount (Length + 50%)",
		"ITEM_MOVESPEEDONKILL_PICKUP": "The task is added to the enemy, killing 125% to 1 (+0.5).",
		"ITEM_MUSHROOMVOID_PICKUP": "It can also improve well-up to 2% (+ 2%) of emergency bricks.",
		"ITEM_MUSHROOM_PICKUP": "Winning 4.5% (+ 2.25%) over time.",
		"ITEM_NEARBYDAMAGEBONUS_PICKUP": "The enemy increased from 20% to 20% to 20% (+ 20%).",
		"ITEM_NOVAONHEAL_PICKUP": "Assign 100% (+ 100%). All brothers participate in the meaning and 10% of the mind.",
		"ITEM_NOVAONLOWHEALTH_PICKUP": "If the situation is 25% explained and 25% of (6) miner. 30 (50% cool left).",
		"ITEM_OUTOFCOMBATARMOR_PICKUP": "100 (cc) and still risk.",
		"ITEM_PARENTEGG_PICKUP": "15 (in 15 or in some cases).",
		"ITEM_PEARL_PICKUP": "Top chairs (+ 10% attack).\n",
		"ITEM_PERMANENTDEBUFFONHIT_PICKUP": "100% reduction of 2 degrees (Send 2 2).",
		"ITEM_PERSONALSHIELD_PICKUP": "8% A (+ 8%) financial line.",
		"ITEM_PHASING_PICKUP": "If your health is less than 25%, it will increase 40% in education and you have not seen 5 years. 30 (50% cool left).",
		"ITEM_PRIMARYSKILLSHURIKEN_PICKUP": "If you do a regular job, you can add 400% (+ 100%) to add (+ 100%) and most of us (+ Messages) include 5 seconds.",
		"ITEM_PROTECTIONPOTION_PICKUP": "Available at 30-10% for temporary heat.",
		"ITEM_RANDOMDAMAGEZONE_PICKUP": "World production is damaged from 50% to 50% (+ 50%).",
		"ITEM_RANDOMEQUIPMENTTRIGGER_PICKUP": "Helps create the effect of medium 1 (1 room)",
		"ITEM_RANDOMLYLUNAR_PICKUP": "Change (+ 5%) at the end of 5% to change.",
		"ITEM_REGENERATINGSCRAPCONSUMED_PICKUP": "The beginning of each level is eye change.\n",
		"ITEM_REGENERATINGSCRAP_PICKUP": "I didn't do anything. Remove giants with a 3DS. Stand up at the top of every step.",
		"ITEM_REPEATHEAL_PICKUP": "The company will participate + 100% (+ 100%). Each drug application is used for a certain period of time. 10% (-50% will be better in seconds.",
		"ITEM_REPULSIONARMORPLATE_PICKUP": "5 (5 words) to reduce all letters. Do not cut.",
		"ITEM_ROBOBALLBUDDY_PICKUP": "The device is 100% 100% (100%) in 2 seconds.",
		"ITEM_SCRAPGREENSUPPRESSED_PICKUP": "I didn't do anything. 3D learning about printers.",
		"ITEM_SCRAPGREEN_PICKUP": "I didn't do anything. 3D learning about printers.",
		"ITEM_SCRAPREDSUPPRESSED_PICKUP": "I didn't do anything. 3D learning about printers.",
		"ITEM_SCRAPRED_PICKUP": "I didn't do anything. 3D learning about printers",
		"ITEM_SCRAPWHITESUPPRESSED_PICKUP": "I didn't do anything. 3D learning about printers.",
		"ITEM_SCRAPWHITE_PICKUP": "I didn't do anything. 3D learning about printers.",
		"ITEM_SCRAPYELLOW_PICKUP": "I didn't do anything. 3D learning about printers.",
		"ITEM_SECONDARYSKILLMAGAZINE_PICKUP": "Add 1 (plus 1 group).",
		"ITEM_SEED_PICKUP": "Repair LOS 1 (Group 1).",
		"ITEM_SHIELDONLY_PICKUP": "It makes all unhealthy difficulties, but I will change my skin. 50% (+ + 25% stimulating).",
		"ITEM_SHINYPEARL_PICKUP": "Add 10% to 10% (+ 10%) to add cup.",
		"ITEM_SHOCKNEARBY_PICKUP": "200% 200% 200% 200% 200% 200%.",
		"ITEM_SIPHONONLOWHEALTH_PICKUP": "In the action of the enemy (1 100% 13% 13% / seconds",
		"ITEM_SKULLCOUNTER_PICKUP": "Guaranteed death. It causes all seeds.",
		"ITEM_SLOWONHITVOID_PICKUP": "5% of enemies (+ 5% of the mixture on the left) 1 (Step + 1). Upgrade parking stops at all stops.",
		"ITEM_SLOWONHIT_PICKUP": "60% (Road 2 S +) for 2 shipping, soft and effective.",
		"ITEM_SPRINTARMOR_PICKUP": "30 Add (+ 30) Sprint.",
		"ITEM_SPRINTBONUS_PICKUP": "More than 25% (+ 25%) has cleaned.",
		"ITEM_SPRINTOUTOFCOMBAT_PICKUP": "30% (+ 30%) during the war.",
		"ITEM_SPRINTWISP_PICKUP": "300% of fire to avoid injury (length + 300%). Use the site to prevent 1.6 seconds. The speed of movement improves the highway.",
		"ITEM_SQUIDTURRET_PICKUP": "In case of interactive reactions to an attack and advertising about 100% (100%). Request 30 minutes.",
		"ITEM_STICKYBOMB_PICKUP": "180% of the enemy's Shell (+ 5%) with all worst (+ 5%).",
		"ITEM_STRENGTHENBURN_PICKUP": "Inflammation effect (Mixed Square (+ 300%) increased by 300%.",
		"ITEM_STUNCHANCEONHIT_PICKUP": "5% sleep (+ mumban) after 2 seconds.",
		"ITEM_SYRINGE_PICKUP": "15% (+ 15%) for far speed",
		"ITEM_TALISMAN_PICKUP": "Death does not reduce alcohol (+ 2 images) for 4 seconds.",
		"ITEM_THORNS_PICKUP": "If you can request an order for a website, by order. 5 peak bay (2 batteries) and jet 25 m (bar + 10 m)",
		"ITEM_TITANGOLDDURINGTP_PICKUP": "Name of the TV program. 100% (+ 50%, DD), 100% well (+ 100%.",
		"ITEM_TOOTH_PICKUP": "Last and Health (+ 2% 2%))",
		"ITEM_TPHEALINGNOVA_PICKUP": "The program requires the latest accounts of the latest ticket to save the receipt and everything together. This is 50% of health. Find an hour (1).",
		"ITEM_TREASURECACHEVOID_PICKUP": "Completely hide parrots (60/0/0% 30/10%), in everything. Benefits of using money. Put everything and help.",
		"ITEM_TREASURECACHE_PICKUP": "Hidden glasses (80% / 20%) and all works in everything. Benefits of using money.",
		"ITEM_UTILITYSKILLMAGAZINE_PICKUP": "Add 2 (2 containers) for maintenance. 33% of the image.",
		"ITEM_VOIDMEGACRABITEM_PICKUP": "60 homojirs (-50%) belong to random fraud. You can do (1 group) simultaneously.",
		"ITEM_WARCRYONMULTIKILL_PICKUP": "If you kill four seconds, send silly (4) 6 seconds. Violence generates 100% to 50%.",
		"ITEM_WARDONLEVEL_PICKUP": "To escape 6 million (8 m) tasks or letters (8 m) to remove. The invasion to publish the problem and increased by 30%.",
		"MORE_CONTACT_PICKUP": "Follow us on social media for the latest news and updates on Arctic Crisis 2!",
		"MORE_LICENSE_PICKUP": "Copyright (C) 2012-2022 Hopoo Games, LLC. Copyright is registered. Follow along. Unity is the technology or service mark or standard unit of its subsidiaries in the United States and other countries. Copyright is registered. Copyright (C) 2006-2022, Copyright registered by Audiokinetica Inc. All other trademarks and registered trademarks are the property of their respective owners.",
		"MORE_MUSIC_PICKUP": "HMy friend Chris is different. You can find it on the street or in old storm grocery stores. But I've been writing about ROR2 for 4 years and I love it. But it helps that he takes pride in his songwriting.\nI hope you like it!\nTo access your discord server, follow us on Twitter or Instagram (AstronautDown)!",
		"RULE_KEEPMONEYBETWEENSTAGES_CHOICE_OFF_PICKUP": "Money is converted to experience upon stage completion",
		"RULE_KEEPMONEYBETWEENSTAGES_CHOICE_ON_PICKUP": "Money is kept between stages",
		"RULE_STAGEORDER_CHOICE_NORMAL_PICKUP": "Stages progress in order.",
		"RULE_STAGEORDER_CHOICE_RANDOM_PICKUP": "Stages progress in a random order.",
		"RULE_STARTINGMONEY_CHOICE_0_PICKUP": "Start with no gold.",
		"RULE_STARTINGMONEY_CHOICE_15_PICKUP": "Start with 15 gold.",
		"RULE_STARTINGMONEY_CHOICE_50_PICKUP": "Start with 50 gold.",
		"TITLE_ECLIPSE_PICKUP": "Play advanced game modes that challenge you every time you win a match.",
		"TITLE_EXIT_PICKUP": "Ryan II is dead.",
		"TITLE_EXTRAGAMEMODE_PICKUP": "Play other Risky Rain 2 games like Prismatic Tests and Eclipse.",
		"TITLE_INFINITETOWER_PICKUP": "Ripple's answer in \"Simulator\" is \"No\".",
		"TITLE_LOGS_PICKUP": "Read text files and documents and open new ones.",
		"TITLE_MORE_PICKUP": "Join the community and learn more about this game!",
		"TITLE_PROFILE_PICKUP": "Create or modify a new configuration file.",
		"TITLE_SETTINGS_PICKUP": "Swap controls, screens, etc. between.",
		"TITLE_SINGLEPLAYER_PICKUP": "add life",
		"TITLE_WEEKLY_PICKUP": "Compete online with other players to complete competitive missions."
	}
}