{
	"strings": {
		"CREDITS_ROLE_3D_ARTIST": "3 artists",
		"CREDITS_ROLE_ACCOUNTANT": "With mathematics",
		"CREDITS_ROLE_ACCOUNTING_ASSISTANT": "With mathematics",
		"CREDITS_ROLE_ACCOUNTING_ASSOCIATE": "With mathematics",
		"CREDITS_ROLE_ADDITIONAL_AUDIO_SUPPORT": "Optional allocation",
		"CREDITS_ROLE_ALTO_TENOR": "Eagle and makeup",
		"CREDITS_ROLE_ANIMATION_SUPPORT": "Is an animation",
		"CREDITS_ROLE_ASSOCIATE_BRAND_MANAGER": "The first class staff",
		"CREDITS_ROLE_ASSOCIATE_CONTENT_ARTIST": "Satisfaction",
		"CREDITS_ROLE_ASSOCIATE_GAME_DESIGNER": "Game: Fight",
		"CREDITS_ROLE_ASSOCIATE_LEGAL_COUNSEL": "Spring",
		"CREDITS_ROLE_ASSOCIATE_PRODUCT_MANAGER": "Manager",
		"CREDITS_ROLE_BAGLAMA_BONGOS": "A light of a light",
		"CREDITS_ROLE_BRAND_MANAGER": "Manager",
		"CREDITS_ROLE_CEO": "Continuous management",
		"CREDITS_ROLE_CERTIFICATION_LEAD": "License",
		"CREDITS_ROLE_CERTIFICATION_SPECIALIST": "To go",
		"CREDITS_ROLE_CERTIFIED_PUBLIC_ACCOUNTANT": "Transform",
		"CREDITS_ROLE_CFO": "Yelling",
		"CREDITS_ROLE_CHARACTER_ANIMATOR/RIGGER": "Body / plan",
		"CREDITS_ROLE_CHIEF_BUSINESS_OFFICER": "Work",
		"CREDITS_ROLE_CHIEF_COMMUNICATIONS_OFFICER": "License",
		"CREDITS_ROLE_CHIEF_EXECUTIVE_OFFICER": "Shared",
		"CREDITS_ROLE_CHIEF_FINANCIAL_OFFICER": "Tool",
		"CREDITS_ROLE_CHIEF_OPERATING_OFFICER": "Stupidity",
		"CREDITS_ROLE_COMMUNICATIONS_COORDINATOR": "  To be",
		"CREDITS_ROLE_COMMUNITY_MANAGER": "Shared",
		"CREDITS_ROLE_CONCEPT_ARTIST/ART_WRANGLER": "Ideas of the Department / Mop",
		"CREDITS_ROLE_CONSUMER_RESEARCH_LAB_COORDINATOR": "Purchaser",
		"CREDITS_ROLE_CUSTOMER_SERVICE_REPRESENTATIVE": "For customers",
		"CREDITS_ROLE_CUSTOMER_SUPPORT_MANAGER": "Long",
		"CREDITS_ROLE_DESIGN_SUPPORT": "Sting",
		"CREDITS_ROLE_DEV_OPS_ENGINEER": "Technology",
		"CREDITS_ROLE_DIRECTOR_OF_CONSUMER_RESEARCH": "- 35 Meat or Status",
		"CREDITS_ROLE_DIRECTOR_OF_DIGITAL_AND_COMMUNITY_STRATEGY": "Prayer or digital or digital community",
		"CREDITS_ROLE_DIRECTOR_OF_LICENSING": "Best material",
		"CREDITS_ROLE_DIRECTOR_OF_OPERATIONS": "Spring",
		"CREDITS_ROLE_DIRECTOR_OF_OPERATIONS_GSQ": "General Director (GSU)",
		"CREDITS_ROLE_DIRECTOR_OF_PLAYER_SERVICES": "Yiddish tools",
		"CREDITS_ROLE_DIRECTOR_OF_PRODUCT_MANAGEMENT": "Manager",
		"CREDITS_ROLE_DIRECTOR_ONLINE_ENGAGEMENT": "Internet Internet",
		"CREDITS_ROLE_ENGINEER": "Technology",
		"CREDITS_ROLE_ENGINEERING_SUPPORT": "Less like",
		"CREDITS_ROLE_EXECUTIVE_ADMINISTRATIVE_ASSISTANT": "Ambilshto",
		"CREDITS_ROLE_EXECUTIVE_PRODUCER": "Trait",
		"CREDITS_ROLE_EXECUTIVE_SUPPORT": "Trait",
		"CREDITS_ROLE_FINANCIAL_CONTROLLER": "Twice",
		"CREDITS_ROLE_GENERALIST_PROGRAMMER": "Toxic substances",
		"CREDITS_ROLE_HEAD_OF_LEGAL": "Termination of employment",
		"CREDITS_ROLE_HEAD_OF_PLATFORM_OPERATIONS": "Site fare",
		"CREDITS_ROLE_HEAD_OF_PRODUCTION": "Good is good",
		"CREDITS_ROLE_HEAD_OF_SALES": "Typical, representative",
		"CREDITS_ROLE_HEAD_OF_TECHNOLOGY": "Snow EB",
		"CREDITS_ROLE_HELP_DESK_ANALYST": "Aid",
		"CREDITS_ROLE_HELP_DESK_LEAD": "Work",
		"CREDITS_ROLE_HELP_DESK_TECHNICIAN": "To help employees",
		"CREDITS_ROLE_HR_DIRECTOR": "Force",
		"CREDITS_ROLE_HR_GENERALIST": "He put the army",
		"CREDITS_ROLE_INFLUENCER_MANAGER": "Trait",
		"CREDITS_ROLE_IT_DIRECTOR": "Unique",
		"CREDITS_ROLE_IT_MANAGER": "Shared",
		"CREDITS_ROLE_IT_PROJECT_COORDINATOR": "Monthly call",
		"CREDITS_ROLE_IT_PROJECT_MANAGER": "Consider",
		"CREDITS_ROLE_IT_WEB_DEVELOPER": "Concentration",
		"CREDITS_ROLE_LEAD_IT_SPECIALIST": "Start skills",
		"CREDITS_ROLE_LEAD_PRODUCER": "Products",
		"CREDITS_ROLE_LEAD_SOUND_DESIGNER": "Telephone",
		"CREDITS_ROLE_LEAD_USER_RESEARCH_ANALYST": "Users are looking for an expert",
		"CREDITS_ROLE_LEGAL_ASSOCIATE": "Attemption",
		"CREDITS_ROLE_LEVEL_DESIGNER": "You never have",
		"CREDITS_ROLE_LICENSING_COORDINATOR": "Simplified",
		"CREDITS_ROLE_LINGUISTIC_COORDINATORS_/_TRANSLATORS": "Language / artist translation",
		"CREDITS_ROLE_LOCALIZATION_PROJECT_MANAGER": "Line",
		"CREDITS_ROLE_LOCALIZATION_QA_COORDINATOR": "Take care of your life",
		"CREDITS_ROLE_LOCALIZATION_SPECIALIST": "To go",
		"CREDITS_ROLE_MANAGER_FINANCIAL_PLANNING_AND_ANALYSIS": "Analysis, plan, plan and money from the CEO",
		"CREDITS_ROLE_MANAGING_DIRECTOR_DIGITAL_PARTNERSHIPS": "Destined",
		"CREDITS_ROLE_MARKETING_ARTIST": "Beaded water",
		"CREDITS_ROLE_MARKETING_ART_DIRECTOR": "Beaded water",
		"CREDITS_ROLE_MARKETING_ASSOCIATE_PRODUCER": "Beaded water",
		"CREDITS_ROLE_MARKETING_CREATIVE_DIRECTOR": "Beaded water",
		"CREDITS_ROLE_MARKET_RESEARCH_ANALYST": "Research",
		"CREDITS_ROLE_NEW_MEDIA_MANAGER": "Press",
		"CREDITS_ROLE_OBOE_HORN": "Biomos and his damage",
		"CREDITS_ROLE_OFFICE_ASSISTANT": "Transfer",
		"CREDITS_ROLE_OFFICE_COORDINATOR": "Chairs",
		"CREDITS_ROLE_OFFICE_MANAGER": "News kepttown",
		"CREDITS_ROLE_OPERATIONS_ACCOUNT_MANAGER": "Prompt time",
		"CREDITS_ROLE_OPERATIONS_COORDINATOR": "Age",
		"CREDITS_ROLE_OPERATIONS_MANAGER": "Keep secure. Business man? Trait",
		"CREDITS_ROLE_OPERATIONS_SUPPORT": "Aid",
		"CREDITS_ROLE_PARALEGAL": "I will build",
		"CREDITS_ROLE_PAYROLL_SPECIALIST": "Change has changed",
		"CREDITS_ROLE_PLATFORM_ENGINEER": "Down",
		"CREDITS_ROLE_PLATFORM_OPERATIONS_MANAGER": "Mouth",
		"CREDITS_ROLE_PRESIDENT": "Chairman",
		"CREDITS_ROLE_PRODUCER": "Music",
		"CREDITS_ROLE_PRODUCTION_MANAGER": "Y",
		"CREDITS_ROLE_PRODUCTION_SUPPORT": "License",
		"CREDITS_ROLE_PRODUCT_MANAGEMENT_SPECIALIST": "Check",
		"CREDITS_ROLE_PROGRAMMER": "Toxic substances",
		"CREDITS_ROLE_PUBLIC_RELATIONS_DIRECTOR": "Instead",
		"CREDITS_ROLE_PUBLIC_RELATIONS_MANAGER": "Instead",
		"CREDITS_ROLE_PURCHASING_MANAGER": "You look.",
		"CREDITS_ROLE_QA_ANALYST": "My happiness",
		"CREDITS_ROLE_QA_DIRECTOR": "Dark",
		"CREDITS_ROLE_QA_LEAD": "Dark",
		"CREDITS_ROLE_QA_MANAGER": "Good car",
		"CREDITS_ROLE_QA_SPECIALIST": "Elementary",
		"CREDITS_ROLE_QA_TESTER": "Confident",
		"CREDITS_ROLE_QA_TEST_COORDINATOR": "Escape",
		"CREDITS_ROLE_RATINGS_SPECIALIST": "Best material",
		"CREDITS_ROLE_RECEPTIONIST": "Tablet",
		"CREDITS_ROLE_RECEPTIONIST_ADMINISTRATOR": "Tablet",
		"CREDITS_ROLE_RECRUITER": "Guest House",
		"CREDITS_ROLE_SALES_MANAGER": "Chairman",
		"CREDITS_ROLE_SENIOR_ACCOUNTANT": "With mathematics",
		"CREDITS_ROLE_SENIOR_CONCEPT_ARTIST": "Ancient activities",
		"CREDITS_ROLE_SENIOR_CORPORATE_COUNSEL": "Sting",
		"CREDITS_ROLE_SENIOR_CREATIVE_PRODUCER": "Products",
		"CREDITS_ROLE_SENIOR_DIRECTOR_OF_MARKETING": "Beaded water",
		"CREDITS_ROLE_SENIOR_FINANCIAL_ANALYST": "Inflammation",
		"CREDITS_ROLE_SENIOR_GAME_DESIGNER": "GRUTH Z.",
		"CREDITS_ROLE_SENIOR_IT_SPECIALIST": "U -xxpert",
		"CREDITS_ROLE_SENIOR_IT_WEB_DEVELOPER": "There is a lot of internet",
		"CREDITS_ROLE_SENIOR_MANAGING_PRODUCER": "Products",
		"CREDITS_ROLE_SENIOR_PRODUCER": "Products",
		"CREDITS_ROLE_SENIOR_PRODUCT_MANAGER": "Ammonifier",
		"CREDITS_ROLE_SENIOR_PROGRAMMER": "Toxic substances",
		"CREDITS_ROLE_SENIOR_QA_PROJECT_LEAD": "Started working",
		"CREDITS_ROLE_SENIOR_SYSTEMS_ENGINEER": "Dynamic System",
		"CREDITS_ROLE_SENIOR_USER_RESEARCH_ANALYST": "Find the test score",
		"CREDITS_ROLE_SOFTWARE_ENGINEER": "Technology",
		"CREDITS_ROLE_SOFTWARE_TEST_ENGINEER": "Software curve",
		"CREDITS_ROLE_SOUND_DESIGNER": "It looks like a dam.",
		"CREDITS_ROLE_SR._PRODUCTION_MANAGER": "Suzu y",
		"CREDITS_ROLE_SR_GAME_DESIGNER": "SRC sports plan",
		"CREDITS_ROLE_STUDIO_DIRECTOR": "Jopper",
		"CREDITS_ROLE_SUBMISSIONS_SPECIALIST": "To go",
		"CREDITS_ROLE_SYSTEMS_ADMINISTRATOR": "Soldier",
		"CREDITS_ROLE_SYSTEMS_ENGINEER": "Treatment",
		"CREDITS_ROLE_TECHNICAL_ARTIST": "At the terminal",
		"CREDITS_ROLE_TECHNICAL_DIRECTOR": "Program design",
		"CREDITS_ROLE_TEST_ASSOCIATE": "Breathe and shine",
		"CREDITS_ROLE_TEST_DIRECTOR": "Room",
		"CREDITS_ROLE_TEST_LEAD": "Breathe and shine",
		"CREDITS_ROLE_TEST_MANAGER": "QPAALETS",
		"CREDITS_ROLE_USER_RESEARCH_ANALYST": "Know",
		"CREDITS_ROLE_USER_RESEARCH_MANAGER": "Mill",
		"CREDITS_ROLE_VIOLIN_VOCALS": "Or liver",
		"CREDITS_ROLE_VP_OF_FINANCE": "C",
		"CREDITS_ROLE_VP_OF_STRATEGIC_OPERATIONS": "The victim's condition"
	}
}