{
	"strings": {
		"GAME_BROWSER_FILTER": "There is no worst character or no characteristic",
		"GAME_BROWSER_FILTER_FORBIDDEN_TAGS": "ASB Archets",
		"GAME_BROWSER_FILTER_HIDE_INCOMPATIBLE_GAMES": "Player table:",
		"GAME_BROWSER_FILTER_MAX_MAX_PLAYERS": "Explanation:",
		"GAME_BROWSER_FILTER_MAX_PING": "Older sister",
		"GAME_BROWSER_FILTER_MIN_MAX_PLAYERS": "Rush-swip:",
		"GAME_BROWSER_FILTER_MUST_HAVE_ENOUGH_SLOTS": "I D4:",
		"GAME_BROWSER_FILTER_MUST_HAVE_PLAYERS": "Approach",
		"GAME_BROWSER_FILTER_REQUIRED_TAGS": "Repeated configuration:",
		"GAME_BROWSER_FILTER_SHOW_DEDICATED_SERVERS": "I the 4: good\n",
		"GAME_BROWSER_FILTER_SHOW_DIFFICULTY_EASY_GAMES": "Housing design",
		"GAME_BROWSER_FILTER_SHOW_DIFFICULTY_HARD_GAMES": "You look.",
		"GAME_BROWSER_FILTER_SHOW_DIFFICULTY_NORMAL_GAMES": "I the 4: good",
		"GAME_BROWSER_FILTER_SHOW_DROP_IN_GAMES": "To install the game on your computer",
		"GAME_BROWSER_FILTER_SHOW_GAMES_WITHOUT_RULE_VOTING": "Player",
		"GAME_BROWSER_FILTER_SHOW_GAMES_WITH_RULE_VOTING": "Worn",
		"GAME_BROWSER_FILTER_SHOW_LISTEN_SERVERS": "Player",
		"GAME_BROWSER_FILTER_SHOW_LOBBIES": "You look.",
		"GAME_BROWSER_FILTER_SHOW_PASSWORDED_GAMES": "Light",
		"GAME_BROWSER_FILTER_SHOW_STARTED_GAMES": "Territory:",
		"GAME_BROWSER_FILTER_SORTING": "Worn",
		"GAME_BROWSER_HEADER_ARTIFACTS": "Older sister",
		"GAME_BROWSER_HEADER_DIFFICULTY": "Now:",
		"GAME_BROWSER_HEADER_NAME": "To replace",
		"GAME_BROWSER_HEADER_PING": "Blackish:",
		"GAME_BROWSER_HEADER_PLAYERS": "Lets less",
		"GAME_BROWSER_HEADER_TAGS": "Light",
		"GAME_BROWSER_NAME": "Begin",
		"GAME_BROWSER_REFRESH": "Not responding",
		"GAME_BROWSER_SORTER_AVAILABLE_SLOTS": "The last player today:",
		"GAME_BROWSER_SORTER_MAX_PLAYER_COUNT": "Message AOL",
		"GAME_BROWSER_SORTER_NAME": "The last player today:",
		"GAME_BROWSER_SORTER_PING": "The last player today:",
		"GAME_BROWSER_SORTER_PLAYER_COUNT": "Jump",
		"REMOTE_GAME_DETAILS_BLACKLISTED": "Blackish:",
		"REMOTE_GAME_DETAILS_FAVORITE": "Now:",
		"REMOTE_GAME_DETAILS_GAMEMODE": "<style=cSub>Repeated configuration:</style>\t{0}",
		"REMOTE_GAME_DETAILS_JOIN_LOBBY": "Attemption",
		"REMOTE_GAME_DETAILS_JOIN_SERVER": "Intimate",
		"REMOTE_GAME_DETAILS_LOBBY_PLAYER_COUNT": "<style=cSub>Player table:</style>\t{0,1}/{1,1}",
		"REMOTE_GAME_DETAILS_MAP": "<style=cSub>ASB Archets:</style>\t\t{0}",
		"REMOTE_GAME_DETAILS_NAME": "<style=cSub>I D4:</style>\t\t{0}",
		"REMOTE_GAME_DETAILS_PASSWORD": "<style=cSub>Jump:\t</style>",
		"REMOTE_GAME_DETAILS_PING": "<style=cSub>Rush-swip:</style>\t\t{0, 1}",
		"REMOTE_GAME_DETAILS_PLAYERS": "<style=cSub>The last player today:</style>",
		"REMOTE_GAME_DETAILS_REFRESH": "Lets less",
		"REMOTE_GAME_DETAILS_RULES": "<style=cSub>Message AOL:</style>",
		"REMOTE_GAME_DETAILS_SERVER_PLAYER_COUNT": "<style=cSub>The last player today:</style>\t{0,1}/{1,1}",
		"REMOTE_GAME_DETAILS_STATUS": "<style=cSub>Territory:</style>\t{0}",
		"REMOTE_GAME_DETAILS_TAGS": "<style=cSub>Explanation:</style>\t\t{0}",
		"REMOTE_GAME_DETAILS_WARNING_MOD_MISMATCH": "There is no athlete there.",
		"REMOTE_GAME_DETAILS_WARNING_VERSION_MISMATCH": "The document is different from the local party.\n",
		"REMOTE_GAME_DETAILS_WINDOW_TITLE": "Approach",
		"REMOTE_GAME_STATUS_PENDING": "Now..",
		"REMOTE_GAME_STATUS_RESPONSIVE": "To replace",
		"REMOTE_GAME_STATUS_UNRESPONSIVE": "Not responding.."
	}
}